Algorithm;Input;Time
quicksort;o-99000;2.5227783846153846
quicksort;o-98000;2.4991186153846154
quicksort;o-97000;2.434038384615384
quicksort;o-96000;2.3582943076923075
quicksort;o-95000;2.274314307692308
quicksort;o-94000;2.2559301538461543
quicksort;o-93000;2.159711230769231
quicksort;o-92000;2.1586858461538463
quicksort;o-91000;2.0629468461538467
quicksort;o-90000;2.050210846153846
quicksort;o-9000;0.020565846153846157
quicksort;o-89000;1.9833474615384614
quicksort;o-88000;1.9621447692307692
quicksort;o-87000;1.9119845384615384
quicksort;o-86000;1.8799228461538464
quicksort;o-85000;1.8205839230769232
quicksort;o-84000;1.8052646923076923
quicksort;o-83000;1.7809102307692308
quicksort;o-82000;1.6945377692307693
quicksort;o-81000;1.6503586923076923
quicksort;o-80000;1.5714816153846152
quicksort;o-8000;0.016315846153846156
quicksort;o-79000;1.5463039230769233
quicksort;o-78000;1.5066326923076925
quicksort;o-77000;1.4658792307692308
quicksort;o-76000;1.439317153846154
quicksort;o-75000;1.417859846153846
quicksort;o-74000;1.3569935384615386
quicksort;o-73000;1.3153528461538462
quicksort;o-72000;1.2833307692307692
quicksort;o-71000;1.2557153076923078
quicksort;o-70000;1.2208951538461539
quicksort;o-7000;0.011826461538461537
quicksort;o-69000;1.182557153846154
quicksort;o-68000;1.1472322307692306
quicksort;o-67000;1.0905636923076925
quicksort;o-66000;1.0995266923076925
quicksort;o-65000;1.0454926923076924
quicksort;o-64000;1.0085470769230769
quicksort;o-63000;0.9803509230769231
quicksort;o-62000;0.9597842307692306
quicksort;o-61000;0.9258657692307692
quicksort;o-60000;0.8952399999999999
quicksort;o-6000;0.009365461538461541
quicksort;o-59000;0.8619533846153846
quicksort;o-58000;0.8465314615384616
quicksort;o-57000;0.801859923076923
quicksort;o-56000;0.7774791538461538
quicksort;o-55000;0.743546076923077
quicksort;o-54000;0.7287561538461538
quicksort;o-53000;0.690762076923077
quicksort;o-52000;0.6767615384615385
quicksort;o-51000;0.6372896923076923
quicksort;o-50000;0.6142831538461537
quicksort;o-5000;0.005881076923076923
quicksort;o-49000;0.5831046153846153
quicksort;o-48000;0.5743605384615383
quicksort;o-47000;0.5492436153846153
quicksort;o-46000;0.5161706153846153
quicksort;o-45000;0.5003812307692308
quicksort;o-44000;0.48579523076923076
quicksort;o-43000;0.45515446153846156
quicksort;o-42000;0.4377356153846153
quicksort;o-41000;0.4156876923076923
quicksort;o-40000;0.3976760769230769
quicksort;o-4000;0.003955692307692308
quicksort;o-39000;0.3755366923076923
quicksort;o-38000;0.3622853846153846
quicksort;o-37000;0.34418761538461534
quicksort;o-36000;0.32579392307692306
quicksort;o-35000;0.3099109230769231
quicksort;o-34000;0.28266353846153847
quicksort;o-33000;0.2737302307692308
quicksort;o-32000;0.2504546153846154
quicksort;o-31000;0.23749430769230767
quicksort;o-30000;0.22261392307692301
quicksort;o-3000;0.002246076923076923
quicksort;o-29000;0.20613176923076926
quicksort;o-28000;0.19845707692307693
quicksort;o-27000;0.17944746153846153
quicksort;o-26000;0.16802461538461538
quicksort;o-25000;0.1519495384615384
quicksort;o-24000;0.13973253846153846
quicksort;o-23000;0.12881461538461542
quicksort;o-22000;0.11791023076923077
quicksort;o-21000;0.10767369230769232
quicksort;o-200000;9.930159615384612
quicksort;o-20000;0.0956790769230769
quicksort;o-2000;0.001015769230769231
quicksort;o-199000;9.767819461538462
quicksort;o-198000;9.786610384615384
quicksort;o-197000;9.611113307692309
quicksort;o-196000;9.580246999999998
quicksort;o-195000;9.490766846153845
quicksort;o-194000;9.395926384615386
quicksort;o-193000;9.433200307692308
quicksort;o-192000;9.198033923076922
quicksort;o-191000;9.14440376923077
quicksort;o-190000;8.927585923076922
quicksort;o-19000;0.0951716923076923
quicksort;o-189000;9.018189153846153
quicksort;o-188000;8.738101307692306
quicksort;o-187000;8.815970153846154
quicksort;o-186000;8.58910976923077
quicksort;o-185000;8.608643153846153
quicksort;o-184000;8.498363307692308
quicksort;o-183000;8.409415153846153
quicksort;o-182000;8.209473076923077
quicksort;o-181000;8.077652769230768
quicksort;o-180000;8.054625076923076
quicksort;o-18000;0.08047723076923076
quicksort;o-179000;8.08131376923077
quicksort;o-178000;7.87371853846154
quicksort;o-177000;7.826485923076924
quicksort;o-176000;7.7196883846153845
quicksort;o-175000;7.594139384615384
quicksort;o-174000;7.533958153846153
quicksort;o-173000;7.376014307692307
quicksort;o-172000;7.290624923076924
quicksort;o-171000;7.287293846153846
quicksort;o-170000;7.129253461538462
quicksort;o-17000;0.06933446153846155
quicksort;o-169000;7.129980846153846
quicksort;o-168000;7.006821615384616
quicksort;o-167000;6.884828461538461
quicksort;o-166000;6.901351153846154
quicksort;o-165000;6.840291
quicksort;o-164000;6.714524000000001
quicksort;o-163000;6.620308076923076
quicksort;o-162000;6.4643310769230755
quicksort;o-161000;6.39740076923077
quicksort;o-160000;6.368288153846153
quicksort;o-16000;0.06181353846153845
quicksort;o-159000;6.224346923076923
quicksort;o-158000;6.193020538461538
quicksort;o-157000;5.914737538461538
quicksort;o-156000;5.976623846153847
quicksort;o-155000;6.276541307692308
quicksort;o-154000;6.011649153846154
quicksort;o-153000;5.948363153846154
quicksort;o-152000;5.621834923076923
quicksort;o-151000;5.710319615384615
quicksort;o-150000;5.532852076923078
quicksort;o-15000;0.05250176923076924
quicksort;o-149000;5.375447615384615
quicksort;o-148000;5.340164307692307
quicksort;o-147000;5.266960153846155
quicksort;o-146000;5.252842692307691
quicksort;o-145000;5.1244851538461536
quicksort;o-144000;5.161699846153846
quicksort;o-143000;5.138648615384615
quicksort;o-142000;4.981554000000001
quicksort;o-141000;4.8344657692307695
quicksort;o-140000;4.769359230769231
quicksort;o-14000;0.04576246153846154
quicksort;o-139000;4.733191076923077
quicksort;o-138000;4.664815384615384
quicksort;o-137000;4.619429538461539
quicksort;o-136000;4.468544846153846
quicksort;o-135000;4.501634999999999
quicksort;o-134000;4.347806307692308
quicksort;o-133000;4.332499
quicksort;o-132000;4.273186384615385
quicksort;o-131000;4.260119153846154
quicksort;o-130000;4.123810461538462
quicksort;o-13000;0.03931476923076923
quicksort;o-129000;4.017402538461538
quicksort;o-128000;3.9873413846153847
quicksort;o-127000;3.9349686153846153
quicksort;o-126000;3.9127383846153845
quicksort;o-125000;3.836622
quicksort;o-124000;3.7891672307692303
quicksort;o-123000;3.6676642307692306
quicksort;o-122000;3.674634
quicksort;o-121000;3.612766153846154
quicksort;o-120000;3.490482153846154
quicksort;o-12000;0.03381761538461538
quicksort;o-119000;3.480097999999999
quicksort;o-118000;3.4571483846153845
quicksort;o-117000;3.4083040000000002
quicksort;o-116000;3.3137233076923076
quicksort;o-115000;3.2225035384615386
quicksort;o-114000;3.152260923076923
quicksort;o-113000;3.0899360769230766
quicksort;o-112000;3.048437692307692
quicksort;o-111000;2.9591094615384614
quicksort;o-110000;2.9404320769230767
quicksort;o-11000;0.02813069230769231
quicksort;o-109000;2.888335384615384
quicksort;o-108000;2.9155267692307687
quicksort;o-107000;2.826088538461538
quicksort;o-106000;2.7471605384615385
quicksort;o-105000;2.674143076923077
quicksort;o-104000;2.658678
quicksort;o-103000;2.6110183076923077
quicksort;o-102000;2.527752769230769
quicksort;o-101000;2.497316384615385
quicksort;o-100000;2.4108667692307693
quicksort;o-10000;0.02353023076923077
quicksort;o-1000;0.0002634615384615385
quicksort;o-1;7.692307692307693e-07
quicksort;d-99000;0.6256224615384617
quicksort;d-98000;0.5881885384615384
quicksort;d-97000;0.6379806153846155
quicksort;d-96000;0.5791952307692306
quicksort;d-95000;0.5578256153846153
quicksort;d-94000;0.5030224615384615
quicksort;d-93000;0.4914147692307692
quicksort;d-92000;0.5592795384615384
quicksort;d-91000;0.5591806923076923
quicksort;d-90000;0.5272713076923077
quicksort;d-9000;0.006551769230769231
quicksort;d-89000;0.5104938461538461
quicksort;d-88000;0.4651492307692307
quicksort;d-87000;0.4810863846153846
quicksort;d-86000;0.44541523076923073
quicksort;d-85000;0.45531238461538465
quicksort;d-84000;0.4515568461538462
quicksort;d-83000;0.43102776923076924
quicksort;d-82000;0.44923876923076916
quicksort;d-81000;0.41548846153846164
quicksort;d-80000;0.3686766153846154
quicksort;d-8000;0.004990307692307692
quicksort;d-79000;0.3736888461538461
quicksort;d-78000;0.3876444615384615
quicksort;d-77000;0.39238207692307686
quicksort;d-76000;0.3780514615384616
quicksort;d-75000;0.36585184615384614
quicksort;d-74000;0.34870361538461536
quicksort;d-73000;0.3163539230769231
quicksort;d-72000;0.3280583846153846
quicksort;d-71000;0.32971246153846145
quicksort;d-70000;0.32067399999999996
quicksort;d-7000;0.004363230769230769
quicksort;d-69000;0.2848603846153846
quicksort;d-68000;0.28424692307692306
quicksort;d-67000;0.2982081538461538
quicksort;d-66000;0.2625012307692308
quicksort;d-65000;0.2606988461538462
quicksort;d-64000;0.27811400000000003
quicksort;d-63000;0.2508011538461538
quicksort;d-62000;0.23604384615384616
quicksort;d-61000;0.22835053846153844
quicksort;d-60000;0.21527653846153846
quicksort;d-6000;0.0030351538461538463
quicksort;d-59000;0.21552853846153844
quicksort;d-58000;0.194385
quicksort;d-57000;0.2082892307692308
quicksort;d-56000;0.18806146153846154
quicksort;d-55000;0.18931446153846154
quicksort;d-54000;0.1953928461538461
quicksort;d-53000;0.1831847692307692
quicksort;d-52000;0.176592
quicksort;d-51000;0.14480684615384617
quicksort;d-50000;0.15314846153846154
quicksort;d-5000;0.002163230769230769
quicksort;d-49000;0.15977876923076922
quicksort;d-48000;0.14747076923076924
quicksort;d-47000;0.13793661538461538
quicksort;d-46000;0.1273467692307692
quicksort;d-45000;0.13103353846153845
quicksort;d-44000;0.12166707692307692
quicksort;d-43000;0.11991192307692308
quicksort;d-42000;0.10740130769230768
quicksort;d-41000;0.10759369230769232
quicksort;d-40000;0.09731023076923077
quicksort;d-4000;0.001468076923076923
quicksort;d-39000;0.10893099999999999
quicksort;d-38000;0.085834
quicksort;d-37000;0.09505238461538464
quicksort;d-36000;0.07911246153846152
quicksort;d-35000;0.07917538461538462
quicksort;d-34000;0.07811469230769232
quicksort;d-33000;0.06942584615384616
quicksort;d-32000;0.06458884615384615
quicksort;d-31000;0.06511953846153845
quicksort;d-30000;0.059995538461538454
quicksort;d-3000;0.0009016923076923076
quicksort;d-29000;0.05657707692307691
quicksort;d-28000;0.05170207692307693
quicksort;d-27000;0.05010023076923077
quicksort;d-26000;0.04345307692307692
quicksort;d-25000;0.042825615384615386
quicksort;d-24000;0.04003761538461538
quicksort;d-23000;0.035719230769230774
quicksort;d-22000;0.030962999999999997
quicksort;d-21000;0.02947946153846154
quicksort;d-200000;2.5708282307692305
quicksort;d-20000;0.02657776923076923
quicksort;d-2000;0.000449
quicksort;d-199000;2.387717
quicksort;d-198000;2.2278642307692307
quicksort;d-197000;2.281292
quicksort;d-196000;2.3224993076923073
quicksort;d-195000;2.355281307692308
quicksort;d-194000;2.548918923076923
quicksort;d-193000;2.200614923076923
quicksort;d-192000;2.152194307692308
quicksort;d-191000;1.8510426923076924
quicksort;d-190000;1.915352461538462
quicksort;d-19000;0.022881
quicksort;d-189000;2.3750003076923076
quicksort;d-188000;2.035318615384615
quicksort;d-187000;1.6724017692307696
quicksort;d-186000;2.270694461538462
quicksort;d-185000;1.9905639999999996
quicksort;d-184000;2.130900923076923
quicksort;d-183000;2.0694629230769235
quicksort;d-182000;1.9593038461538461
quicksort;d-181000;1.9947536153846153
quicksort;d-180000;1.9474070000000003
quicksort;d-18000;0.021468076923076927
quicksort;d-179000;2.294403230769231
quicksort;d-178000;1.9091036153846153
quicksort;d-177000;2.182434769230769
quicksort;d-176000;1.883815153846154
quicksort;d-175000;1.710933461538462
quicksort;d-174000;1.9287547692307692
quicksort;d-173000;1.7598286153846154
quicksort;d-172000;1.9048472307692306
quicksort;d-171000;1.5412089230769228
quicksort;d-170000;1.7907855384615385
quicksort;d-17000;0.018282000000000003
quicksort;d-169000;1.6036476923076923
quicksort;d-168000;1.6433556153846154
quicksort;d-167000;1.6738741538461537
quicksort;d-166000;1.7163756153846152
quicksort;d-165000;1.5619085384615383
quicksort;d-164000;1.7658962307692307
quicksort;d-163000;1.5745196923076925
quicksort;d-162000;1.7245573846153848
quicksort;d-161000;1.5826805384615381
quicksort;d-160000;1.6338654615384618
quicksort;d-16000;0.017237769230769227
quicksort;d-159000;1.5886430769230768
quicksort;d-158000;1.5885766923076923
quicksort;d-157000;1.4024180769230767
quicksort;d-156000;1.579929846153846
quicksort;d-155000;1.5602959230769229
quicksort;d-154000;1.5249985384615385
quicksort;d-153000;1.3973318461538464
quicksort;d-152000;1.4934932307692308
quicksort;d-151000;1.5007409999999999
quicksort;d-150000;1.3895007692307693
quicksort;d-15000;0.015272538461538457
quicksort;d-149000;1.3533890000000002
quicksort;d-148000;1.3380075384615384
quicksort;d-147000;1.479514846153846
quicksort;d-146000;1.3489251538461535
quicksort;d-145000;1.3580713846153845
quicksort;d-144000;1.2303316153846153
quicksort;d-143000;1.3094410769230769
quicksort;d-142000;1.1908615384615386
quicksort;d-141000;1.3738657692307692
quicksort;d-140000;1.0919204615384617
quicksort;d-14000;0.013616769230769231
quicksort;d-139000;1.2654186923076922
quicksort;d-138000;1.1953205384615386
quicksort;d-137000;1.1731974615384613
quicksort;d-136000;1.1086544615384617
quicksort;d-135000;1.202641923076923
quicksort;d-134000;1.0700236153846154
quicksort;d-133000;1.0274923076923077
quicksort;d-132000;1.1418636923076924
quicksort;d-131000;1.1407144615384615
quicksort;d-130000;1.0421994615384613
quicksort;d-13000;0.012041692307692307
quicksort;d-129000;1.14196
quicksort;d-128000;0.9499487692307691
quicksort;d-127000;1.1756161538461536
quicksort;d-126000;0.8985179230769231
quicksort;d-125000;1.0723555384615382
quicksort;d-124000;0.8756530769230769
quicksort;d-123000;0.8706483846153845
quicksort;d-122000;0.8798169230769233
quicksort;d-121000;0.9020657692307693
quicksort;d-120000;0.9321042307692307
quicksort;d-12000;0.011507769230769231
quicksort;d-119000;0.934170153846154
quicksort;d-118000;0.7155467692307691
quicksort;d-117000;0.8537011538461539
quicksort;d-116000;0.865532
quicksort;d-115000;0.872039769230769
quicksort;d-114000;0.7656708461538462
quicksort;d-113000;0.7691815384615386
quicksort;d-112000;0.7880572307692308
quicksort;d-111000;0.7360132307692309
quicksort;d-110000;0.7059483846153844
quicksort;d-11000;0.008801153846153846
quicksort;d-109000;0.6724356923076923
quicksort;d-108000;0.7335796153846155
quicksort;d-107000;0.6370726153846153
quicksort;d-106000;0.7917703076923075
quicksort;d-105000;0.6803277692307692
quicksort;d-104000;0.6544966923076923
quicksort;d-103000;0.7309622307692307
quicksort;d-102000;0.6710253076923078
quicksort;d-101000;0.5912720769230769
quicksort;d-100000;0.5938775384615385
quicksort;d-10000;0.007495692307692308
quicksort;d-1000;0.00016823076923076929
quicksort;d-1;7.692307692307693e-07
quicksort;a-99000;0.005953384615384616
quicksort;a-98000;0.006096153846153847
quicksort;a-97000;0.005787923076923076
quicksort;a-96000;0.006104923076923076
quicksort;a-95000;0.006050692307692308
quicksort;a-94000;0.005870615384615385
quicksort;a-93000;0.005683538461538462
quicksort;a-92000;0.0058246153846153855
quicksort;a-91000;0.005414846153846154
quicksort;a-90000;0.0056263846153846156
quicksort;a-9000;0.0003546153846153846
quicksort;a-89000;0.005372923076923076
quicksort;a-88000;0.005137769230769231
quicksort;a-87000;0.005034
quicksort;a-86000;0.005082
quicksort;a-85000;0.0052933076923076935
quicksort;a-84000;0.005022692307692307
quicksort;a-83000;0.004944307692307692
quicksort;a-82000;0.005049615384615385
quicksort;a-81000;0.004728461538461539
quicksort;a-80000;0.0049406153846153844
quicksort;a-8000;0.00031907692307692306
quicksort;a-79000;0.00462076923076923
quicksort;a-78000;0.0047032307692307694
quicksort;a-77000;0.004658538461538461
quicksort;a-76000;0.004354230769230769
quicksort;a-75000;0.004510538461538461
quicksort;a-74000;0.0044601538461538455
quicksort;a-73000;0.004031692307692307
quicksort;a-72000;0.004441
quicksort;a-71000;0.004173538461538462
quicksort;a-70000;0.0038425384615384615
quicksort;a-7000;0.00029023076923076924
quicksort;a-69000;0.0038585384615384614
quicksort;a-68000;0.0035923846153846158
quicksort;a-67000;0.0037935384615384615
quicksort;a-66000;0.0033424615384615376
quicksort;a-65000;0.0041199999999999995
quicksort;a-64000;0.003670384615384616
quicksort;a-63000;0.0034799999999999996
quicksort;a-62000;0.0037371538461538466
quicksort;a-61000;0.00332123076923077
quicksort;a-60000;0.003431384615384615
quicksort;a-6000;0.0002466923076923077
quicksort;a-59000;0.0033077692307692304
quicksort;a-58000;0.0038035384615384615
quicksort;a-57000;0.0031341538461538464
quicksort;a-56000;0.003200538461538462
quicksort;a-55000;0.003216076923076923
quicksort;a-54000;0.003102461538461539
quicksort;a-53000;0.0028852307692307693
quicksort;a-52000;0.002911692307692308
quicksort;a-51000;0.0029063846153846154
quicksort;a-50000;0.0027582307692307693
quicksort;a-5000;0.00021246153846153848
quicksort;a-49000;0.0027433076923076916
quicksort;a-48000;0.002608
quicksort;a-47000;0.0026314615384615382
quicksort;a-46000;0.0025700000000000002
quicksort;a-45000;0.002405846153846154
quicksort;a-44000;0.0032763846153846155
quicksort;a-43000;0.0023583076923076925
quicksort;a-42000;0.0022440769230769233
quicksort;a-41000;0.0019660769230769233
quicksort;a-40000;0.0021543846153846153
quicksort;a-4000;0.00017553846153846154
quicksort;a-39000;0.001871692307692308
quicksort;a-38000;0.0019256153846153843
quicksort;a-37000;0.0019356153846153848
quicksort;a-36000;0.0018623076923076922
quicksort;a-35000;0.0019702307692307693
quicksort;a-34000;0.0016952307692307694
quicksort;a-33000;0.0015240769230769231
quicksort;a-32000;0.0015024615384615385
quicksort;a-31000;0.0014483846153846155
quicksort;a-30000;0.0014602307692307692
quicksort;a-3000;0.00012715384615384618
quicksort;a-29000;0.0014323846153846155
quicksort;a-28000;0.0013065384615384618
quicksort;a-27000;0.0012759999999999998
quicksort;a-26000;0.0017164615384615385
quicksort;a-25000;0.001121692307692308
quicksort;a-24000;0.0010783846153846154
quicksort;a-23000;0.0011149230769230767
quicksort;a-22000;0.0009456153846153848
quicksort;a-21000;0.0009421538461538461
quicksort;a-200000;0.018808000000000005
quicksort;a-20000;0.0008870000000000001
quicksort;a-2000;8.569230769230769e-05
quicksort;a-199000;0.018587769230769227
quicksort;a-198000;0.018256923076923077
quicksort;a-197000;0.017929692307692306
quicksort;a-196000;0.018192692307692306
quicksort;a-195000;0.01788023076923077
quicksort;a-194000;0.017768
quicksort;a-193000;0.017483307692307694
quicksort;a-192000;0.017327999999999996
quicksort;a-191000;0.017224076923076922
quicksort;a-190000;0.018044846153846154
quicksort;a-19000;0.0008483846153846153
quicksort;a-189000;0.01716923076923077
quicksort;a-188000;0.016982846153846157
quicksort;a-187000;0.016568615384615386
quicksort;a-186000;0.016391307692307695
quicksort;a-185000;0.016306230769230767
quicksort;a-184000;0.016219076923076923
quicksort;a-183000;0.01596976923076923
quicksort;a-182000;0.01616976923076923
quicksort;a-181000;0.015734923076923077
quicksort;a-180000;0.015841846153846154
quicksort;a-18000;0.0007402307692307693
quicksort;a-179000;0.01549453846153846
quicksort;a-178000;0.015522615384615383
quicksort;a-177000;0.015390230769230769
quicksort;a-176000;0.015393076923076924
quicksort;a-175000;0.014824230769230767
quicksort;a-174000;0.014578384615384616
quicksort;a-173000;0.01460707692307692
quicksort;a-172000;0.014566692307692308
quicksort;a-171000;0.014605307692307692
quicksort;a-170000;0.014722923076923076
quicksort;a-17000;0.0007253076923076923
quicksort;a-169000;0.014621307692307692
quicksort;a-168000;0.014034461538461539
quicksort;a-167000;0.014077692307692308
quicksort;a-166000;0.013705384615384616
quicksort;a-165000;0.014020153846153847
quicksort;a-164000;0.013629692307692308
quicksort;a-163000;0.013698230769230768
quicksort;a-162000;0.013560307692307694
quicksort;a-161000;0.013381692307692308
quicksort;a-160000;0.013246076923076923
quicksort;a-16000;0.0006484615384615385
quicksort;a-159000;0.013265384615384615
quicksort;a-158000;0.012948076923076923
quicksort;a-157000;0.013075230769230768
quicksort;a-156000;0.013748615384615385
quicksort;a-155000;0.012927923076923075
quicksort;a-154000;0.012755
quicksort;a-153000;0.012608615384615385
quicksort;a-152000;0.01234069230769231
quicksort;a-151000;0.01205276923076923
quicksort;a-150000;0.01213923076923077
quicksort;a-15000;0.0006243846153846153
quicksort;a-149000;0.012102
quicksort;a-148000;0.011855769230769232
quicksort;a-147000;0.01188076923076923
quicksort;a-146000;0.011648769230769232
quicksort;a-145000;0.011346000000000002
quicksort;a-144000;0.011427923076923077
quicksort;a-143000;0.011207538461538463
quicksort;a-142000;0.011162153846153846
quicksort;a-141000;0.010917461538461539
quicksort;a-140000;0.01087323076923077
quicksort;a-14000;0.0005996923076923076
quicksort;a-139000;0.010732307692307692
quicksort;a-138000;0.010525000000000003
quicksort;a-137000;0.010576153846153846
quicksort;a-136000;0.010429384615384615
quicksort;a-135000;0.010300615384615384
quicksort;a-134000;0.010048923076923077
quicksort;a-133000;0.01004553846153846
quicksort;a-132000;0.009828230769230768
quicksort;a-131000;0.00978576923076923
quicksort;a-130000;0.00970476923076923
quicksort;a-13000;0.0005642307692307693
quicksort;a-129000;0.009594615384615385
quicksort;a-128000;0.009404615384615385
quicksort;a-127000;0.009455153846153846
quicksort;a-126000;0.009211769230769232
quicksort;a-125000;0.009294923076923077
quicksort;a-124000;0.009264692307692309
quicksort;a-123000;0.009089384615384614
quicksort;a-122000;0.009117153846153846
quicksort;a-121000;0.008908384615384617
quicksort;a-120000;0.008733538461538463
quicksort;a-12000;0.0004903076923076923
quicksort;a-119000;0.008741615384615386
quicksort;a-118000;0.008694153846153848
quicksort;a-117000;0.008268692307692307
quicksort;a-116000;0.008266846153846154
quicksort;a-115000;0.008069000000000002
quicksort;a-114000;0.007981307692307694
quicksort;a-113000;0.007932692307692309
quicksort;a-112000;0.0078049230769230765
quicksort;a-111000;0.007681461538461539
quicksort;a-110000;0.007661615384615386
quicksort;a-11000;0.00046661538461538455
quicksort;a-109000;0.00784046153846154
quicksort;a-108000;0.00737823076923077
quicksort;a-107000;0.0073736923076923085
quicksort;a-106000;0.007332615384615385
quicksort;a-105000;0.00731876923076923
quicksort;a-104000;0.007100846153846154
quicksort;a-103000;0.007020230769230769
quicksort;a-102000;0.0071579230769230765
quicksort;a-101000;0.006894846153846153
quicksort;a-100000;0.006706923076923077
quicksort;a-10000;0.0003989230769230769
quicksort;a-1000;3.7999999999999995e-05
quicksort;a-1;9.230769230769232e-07
mergesort;o-99000;0.0037526923076923067
mergesort;o-98000;0.003852307692307692
mergesort;o-97000;0.0038266153846153845
mergesort;o-96000;0.0034514615384615382
mergesort;o-95000;0.0038104615384615395
mergesort;o-94000;0.003315769230769231
mergesort;o-93000;0.0032110769230769233
mergesort;o-92000;0.0038568461538461543
mergesort;o-91000;0.0034135384615384613
mergesort;o-90000;0.0030047692307692314
mergesort;o-9000;0.0003386923076923077
mergesort;o-89000;0.003686384615384615
mergesort;o-88000;0.003390076923076923
mergesort;o-87000;0.0031022307692307686
mergesort;o-86000;0.002985307692307692
mergesort;o-85000;0.002899769230769231
mergesort;o-84000;0.0031023846153846154
mergesort;o-83000;0.002741846153846154
mergesort;o-82000;0.0028090769230769233
mergesort;o-81000;0.0029413846153846157
mergesort;o-80000;0.0027600000000000003
mergesort;o-8000;0.0002960769230769231
mergesort;o-79000;0.0027683846153846153
mergesort;o-78000;0.002956076923076923
mergesort;o-77000;0.002718846153846154
mergesort;o-76000;0.003079307692307693
mergesort;o-75000;0.0027784615384615382
mergesort;o-74000;0.002417461538461539
mergesort;o-73000;0.002550076923076923
mergesort;o-72000;0.0025799230769230773
mergesort;o-71000;0.0027744615384615386
mergesort;o-70000;0.0028016153846153846
mergesort;o-7000;0.0002756153846153847
mergesort;o-69000;0.0023932307692307695
mergesort;o-68000;0.0022723076923076924
mergesort;o-67000;0.0024210769230769234
mergesort;o-66000;0.0028746923076923077
mergesort;o-65000;0.0023830769230769227
mergesort;o-64000;0.0025251538461538462
mergesort;o-63000;0.002370230769230769
mergesort;o-62000;0.002272
mergesort;o-61000;0.002151615384615384
mergesort;o-60000;0.0021649230769230773
mergesort;o-6000;0.00023730769230769232
mergesort;o-59000;0.0023750000000000004
mergesort;o-58000;0.0021306153846153853
mergesort;o-57000;0.002135769230769231
mergesort;o-56000;0.002483
mergesort;o-55000;0.0026017692307692313
mergesort;o-54000;0.001894692307692308
mergesort;o-53000;0.002853153846153846
mergesort;o-52000;0.0019605384615384615
mergesort;o-51000;0.002046538461538461
mergesort;o-50000;0.0020894615384615383
mergesort;o-5000;0.0001916923076923077
mergesort;o-49000;0.001888153846153846
mergesort;o-48000;0.0016955384615384614
mergesort;o-47000;0.0016303846153846154
mergesort;o-46000;0.0017032307692307692
mergesort;o-45000;0.002139230769230769
mergesort;o-44000;0.0016533076923076924
mergesort;o-43000;0.0015672307692307695
mergesort;o-42000;0.002039692307692308
mergesort;o-41000;0.0013431538461538461
mergesort;o-40000;0.0014644615384615384
mergesort;o-4000;0.00016815384615384614
mergesort;o-39000;0.0013056923076923076
mergesort;o-38000;0.001408923076923077
mergesort;o-37000;0.001332769230769231
mergesort;o-36000;0.0012341538461538462
mergesort;o-35000;0.0012720000000000001
mergesort;o-34000;0.0012162307692307691
mergesort;o-33000;0.0011656153846153847
mergesort;o-32000;0.0012104615384615385
mergesort;o-31000;0.0010568461538461539
mergesort;o-30000;0.0010461538461538462
mergesort;o-3000;0.00013199999999999998
mergesort;o-29000;0.0010257692307692307
mergesort;o-28000;0.0010199999999999999
mergesort;o-27000;0.000995923076923077
mergesort;o-26000;0.000983
mergesort;o-25000;0.0008879999999999999
mergesort;o-24000;0.0008930769230769231
mergesort;o-23000;0.0007486923076923077
mergesort;o-22000;0.0008279230769230769
mergesort;o-21000;0.0007992307692307692
mergesort;o-200000;0.006937076923076924
mergesort;o-20000;0.0007266923076923076
mergesort;o-2000;8.953846153846155e-05
mergesort;o-199000;0.0071993076923076915
mergesort;o-198000;0.007039384615384616
mergesort;o-197000;0.0069761538461538455
mergesort;o-196000;0.006928692307692308
mergesort;o-195000;0.006995384615384615
mergesort;o-194000;0.006888230769230768
mergesort;o-193000;0.006923461538461537
mergesort;o-192000;0.006550307692307692
mergesort;o-191000;0.00666123076923077
mergesort;o-190000;0.006804384615384616
mergesort;o-19000;0.000680923076923077
mergesort;o-189000;0.006444153846153845
mergesort;o-188000;0.006822
mergesort;o-187000;0.006519692307692308
mergesort;o-186000;0.006371307692307691
mergesort;o-185000;0.006825769230769232
mergesort;o-184000;0.006449999999999999
mergesort;o-183000;0.006381538461538462
mergesort;o-182000;0.006695
mergesort;o-181000;0.006643999999999999
mergesort;o-180000;0.006524538461538461
mergesort;o-18000;0.0006373076923076922
mergesort;o-179000;0.006541923076923076
mergesort;o-178000;0.006394769230769232
mergesort;o-177000;0.006178230769230769
mergesort;o-176000;0.006047230769230769
mergesort;o-175000;0.006221692307692307
mergesort;o-174000;0.00622576923076923
mergesort;o-173000;0.0061968461538461535
mergesort;o-172000;0.006403230769230769
mergesort;o-171000;0.00599676923076923
mergesort;o-170000;0.006135307692307692
mergesort;o-17000;0.0006068461538461539
mergesort;o-169000;0.006281076923076923
mergesort;o-168000;0.006021153846153846
mergesort;o-167000;0.005558230769230769
mergesort;o-166000;0.0060430000000000015
mergesort;o-165000;0.005955153846153846
mergesort;o-164000;0.005706769230769232
mergesort;o-163000;0.00615576923076923
mergesort;o-162000;0.005627076923076923
mergesort;o-161000;0.00566523076923077
mergesort;o-160000;0.005598076923076923
mergesort;o-16000;0.0005556923076923076
mergesort;o-159000;0.005626230769230768
mergesort;o-158000;0.006049307692307692
mergesort;o-157000;0.005756076923076923
mergesort;o-156000;0.00577676923076923
mergesort;o-155000;0.005490538461538462
mergesort;o-154000;0.005272692307692308
mergesort;o-153000;0.005386615384615385
mergesort;o-152000;0.0054293846153846154
mergesort;o-151000;0.005261846153846153
mergesort;o-150000;0.0054574615384615395
mergesort;o-15000;0.0005532307692307693
mergesort;o-149000;0.005294384615384616
mergesort;o-148000;0.005517153846153846
mergesort;o-147000;0.00554976923076923
mergesort;o-146000;0.005364846153846154
mergesort;o-145000;0.005255230769230768
mergesort;o-144000;0.005420769230769231
mergesort;o-143000;0.005100076923076923
mergesort;o-142000;0.005088692307692307
mergesort;o-141000;0.005081846153846154
mergesort;o-140000;0.005402230769230769
mergesort;o-14000;0.0004993846153846154
mergesort;o-139000;0.005118923076923077
mergesort;o-138000;0.004953
mergesort;o-137000;0.005046153846153845
mergesort;o-136000;0.004741384615384615
mergesort;o-135000;0.005338769230769231
mergesort;o-134000;0.004746384615384616
mergesort;o-133000;0.004967923076923077
mergesort;o-132000;0.004982153846153846
mergesort;o-131000;0.004946076923076923
mergesort;o-130000;0.0050172307692307695
mergesort;o-13000;0.0005342307692307693
mergesort;o-129000;0.004682230769230768
mergesort;o-128000;0.004870307692307692
mergesort;o-127000;0.004517461538461538
mergesort;o-126000;0.004383076923076923
mergesort;o-125000;0.004627923076923077
mergesort;o-124000;0.004525076923076923
mergesort;o-123000;0.004635000000000001
mergesort;o-122000;0.004632000000000001
mergesort;o-121000;0.004445076923076923
mergesort;o-120000;0.0049191538461538465
mergesort;o-12000;0.0004356153846153845
mergesort;o-119000;0.004597461538461538
mergesort;o-118000;0.0043348461538461535
mergesort;o-117000;0.004503769230769231
mergesort;o-116000;0.004142307692307692
mergesort;o-115000;0.004312923076923078
mergesort;o-114000;0.004204
mergesort;o-113000;0.003851846153846154
mergesort;o-112000;0.004087461538461538
mergesort;o-111000;0.004306153846153847
mergesort;o-110000;0.003785692307692307
mergesort;o-11000;0.0004003076923076923
mergesort;o-109000;0.004048692307692308
mergesort;o-108000;0.004085538461538462
mergesort;o-107000;0.003997461538461538
mergesort;o-106000;0.0039336153846153835
mergesort;o-105000;0.0037822307692307695
mergesort;o-104000;0.004090692307692307
mergesort;o-103000;0.003877538461538461
mergesort;o-102000;0.0038946923076923073
mergesort;o-101000;0.0036147692307692313
mergesort;o-100000;0.003761769230769231
mergesort;o-10000;0.0003451538461538461
mergesort;o-1000;4.076923076923077e-05
mergesort;o-1;7.692307692307693e-07
mergesort;d-99000;0.0033657692307692308
mergesort;d-98000;0.00331
mergesort;d-97000;0.003994999999999999
mergesort;d-96000;0.0038928461538461526
mergesort;d-95000;0.0035161538461538464
mergesort;d-94000;0.0036011538461538464
mergesort;d-93000;0.003361076923076923
mergesort;d-92000;0.003908153846153847
mergesort;d-91000;0.0034766153846153844
mergesort;d-90000;0.003410461538461539
mergesort;d-9000;0.00036030769230769227
mergesort;d-89000;0.003142153846153846
mergesort;d-88000;0.002997692307692308
mergesort;d-87000;0.003015230769230769
mergesort;d-86000;0.0034274615384615385
mergesort;d-85000;0.0035031538461538455
mergesort;d-84000;0.003221615384615385
mergesort;d-83000;0.0029675384615384616
mergesort;d-82000;0.0033247692307692305
mergesort;d-81000;0.0032656923076923076
mergesort;d-80000;0.0036370769230769226
mergesort;d-8000;0.00041723076923076924
mergesort;d-79000;0.0035066923076923075
mergesort;d-78000;0.002721923076923077
mergesort;d-77000;0.0028605384615384612
mergesort;d-76000;0.0033352307692307687
mergesort;d-75000;0.003074923076923077
mergesort;d-74000;0.0027516153846153845
mergesort;d-73000;0.0032259999999999997
mergesort;d-72000;0.0026408461538461538
mergesort;d-71000;0.002351
mergesort;d-70000;0.0026873846153846154
mergesort;d-7000;0.0002912307692307692
mergesort;d-69000;0.0024765384615384614
mergesort;d-68000;0.0024920000000000003
mergesort;d-67000;0.002359615384615385
mergesort;d-66000;0.0023778461538461536
mergesort;d-65000;0.0024243076923076926
mergesort;d-64000;0.0022374615384615384
mergesort;d-63000;0.0021603076923076923
mergesort;d-62000;0.002111230769230769
mergesort;d-61000;0.0021760769230769234
mergesort;d-60000;0.0021565384615384615
mergesort;d-6000;0.00025384615384615387
mergesort;d-59000;0.002398692307692308
mergesort;d-58000;0.0025314615384615384
mergesort;d-57000;0.002205538461538462
mergesort;d-56000;0.002330846153846154
mergesort;d-55000;0.002053153846153846
mergesort;d-54000;0.0019096923076923078
mergesort;d-53000;0.0018812307692307694
mergesort;d-52000;0.0019239230769230768
mergesort;d-51000;0.0018255384615384616
mergesort;d-50000;0.001772230769230769
mergesort;d-5000;0.00021246153846153848
mergesort;d-49000;0.0017462307692307695
mergesort;d-48000;0.0018003076923076926
mergesort;d-47000;0.0020197692307692304
mergesort;d-46000;0.0020037692307692313
mergesort;d-45000;0.0022026153846153845
mergesort;d-44000;0.0018255384615384618
mergesort;d-43000;0.001768384615384615
mergesort;d-42000;0.001737923076923077
mergesort;d-41000;0.001514153846153846
mergesort;d-40000;0.0015162307692307693
mergesort;d-4000;0.00017392307692307697
mergesort;d-39000;0.0013961538461538464
mergesort;d-38000;0.0013587692307692305
mergesort;d-37000;0.0021013076923076923
mergesort;d-36000;0.0013203076923076922
mergesort;d-35000;0.001365846153846154
mergesort;d-34000;0.0012152307692307692
mergesort;d-33000;0.0012453076923076925
mergesort;d-32000;0.0011236923076923078
mergesort;d-31000;0.0011586153846153845
mergesort;d-30000;0.0011997692307692308
mergesort;d-3000;0.00014700000000000002
mergesort;d-29000;0.001142230769230769
mergesort;d-28000;0.0010287692307692309
mergesort;d-27000;0.0010825384615384614
mergesort;d-26000;0.0010091538461538463
mergesort;d-25000;0.0010135384615384618
mergesort;d-24000;0.0008726153846153848
mergesort;d-23000;0.0008843076923076923
mergesort;d-22000;0.0007683076923076922
mergesort;d-21000;0.0007649230769230769
mergesort;d-200000;0.0068143846153846145
mergesort;d-20000;0.0007132307692307693
mergesort;d-2000;9.415384615384615e-05
mergesort;d-199000;0.007424692307692308
mergesort;d-198000;0.007938384615384615
mergesort;d-197000;0.007031000000000001
mergesort;d-196000;0.006576461538461539
mergesort;d-195000;0.006587307692307693
mergesort;d-194000;0.007327769230769231
mergesort;d-193000;0.007044999999999999
mergesort;d-192000;0.0076855384615384615
mergesort;d-191000;0.007299615384615384
mergesort;d-190000;0.007470461538461538
mergesort;d-19000;0.000724076923076923
mergesort;d-189000;0.007571
mergesort;d-188000;0.007244384615384615
mergesort;d-187000;0.007065923076923076
mergesort;d-186000;0.007516538461538462
mergesort;d-185000;0.00728
mergesort;d-184000;0.00729976923076923
mergesort;d-183000;0.007520769230769229
mergesort;d-182000;0.006887923076923077
mergesort;d-181000;0.006416076923076923
mergesort;d-180000;0.0066464615384615395
mergesort;d-18000;0.0006915384615384615
mergesort;d-179000;0.006705999999999998
mergesort;d-178000;0.006407307692307693
mergesort;d-177000;0.006527923076923076
mergesort;d-176000;0.006645
mergesort;d-175000;0.006408538461538461
mergesort;d-174000;0.0072414615384615395
mergesort;d-173000;0.007527846153846154
mergesort;d-172000;0.007585769230769231
mergesort;d-171000;0.006674
mergesort;d-170000;0.0063513076923076926
mergesort;d-17000;0.0007019999999999999
mergesort;d-169000;0.006157076923076923
mergesort;d-168000;0.006123692307692307
mergesort;d-167000;0.006031692307692308
mergesort;d-166000;0.006228999999999999
mergesort;d-165000;0.006329230769230768
mergesort;d-164000;0.0058909999999999995
mergesort;d-163000;0.005804153846153848
mergesort;d-162000;0.006350076923076923
mergesort;d-161000;0.0062533846153846155
mergesort;d-160000;0.006158615384615386
mergesort;d-16000;0.0007686153846153845
mergesort;d-159000;0.005821538461538461
mergesort;d-158000;0.005923769230769231
mergesort;d-157000;0.0057964615384615385
mergesort;d-156000;0.005792
mergesort;d-155000;0.005459692307692308
mergesort;d-154000;0.005786076923076922
mergesort;d-153000;0.005688769230769232
mergesort;d-152000;0.005515384615384616
mergesort;d-151000;0.005969230769230769
mergesort;d-150000;0.005740076923076923
mergesort;d-15000;0.0005977692307692307
mergesort;d-149000;0.00539223076923077
mergesort;d-148000;0.00548923076923077
mergesort;d-147000;0.005205076923076923
mergesort;d-146000;0.0052948461538461535
mergesort;d-145000;0.005086307692307694
mergesort;d-144000;0.005517153846153846
mergesort;d-143000;0.0058117692307692315
mergesort;d-142000;0.005305384615384615
mergesort;d-141000;0.005739461538461539
mergesort;d-140000;0.005081615384615384
mergesort;d-14000;0.0005422307692307692
mergesort;d-139000;0.005594999999999999
mergesort;d-138000;0.005504307692307692
mergesort;d-137000;0.005197692307692307
mergesort;d-136000;0.00500476923076923
mergesort;d-135000;0.005087153846153846
mergesort;d-134000;0.005692153846153847
mergesort;d-133000;0.004655615384615385
mergesort;d-132000;0.005233692307692308
mergesort;d-131000;0.005003846153846154
mergesort;d-130000;0.004584230769230769
mergesort;d-13000;0.000599076923076923
mergesort;d-129000;0.00468476923076923
mergesort;d-128000;0.004574
mergesort;d-127000;0.004602538461538462
mergesort;d-126000;0.004743846153846153
mergesort;d-125000;0.004950538461538461
mergesort;d-124000;0.004570000000000001
mergesort;d-123000;0.004414692307692308
mergesort;d-122000;0.004371000000000001
mergesort;d-121000;0.004530538461538462
mergesort;d-120000;0.0045403846153846145
mergesort;d-12000;0.0005673076923076924
mergesort;d-119000;0.004518384615384615
mergesort;d-118000;0.0042202307692307695
mergesort;d-117000;0.004396538461538462
mergesort;d-116000;0.004192076923076923
mergesort;d-115000;0.004669692307692309
mergesort;d-114000;0.004334230769230769
mergesort;d-113000;0.004077615384615384
mergesort;d-112000;0.004136076923076924
mergesort;d-111000;0.003809307692307692
mergesort;d-110000;0.003874846153846153
mergesort;d-11000;0.0005576923076923077
mergesort;d-109000;0.004229076923076924
mergesort;d-108000;0.004286769230769231
mergesort;d-107000;0.003790384615384616
mergesort;d-106000;0.0038863846153846153
mergesort;d-105000;0.004317384615384616
mergesort;d-104000;0.004214538461538462
mergesort;d-103000;0.004191461538461538
mergesort;d-102000;0.004055307692307692
mergesort;d-101000;0.00401323076923077
mergesort;d-100000;0.0037524615384615387
mergesort;d-10000;0.00044384615384615393
mergesort;d-1000;5.123076923076923e-05
mergesort;d-1;6.153846153846154e-07
mergesort;a-99000;0.008083076923076924
mergesort;a-98000;0.008100692307692307
mergesort;a-97000;0.008190384615384615
mergesort;a-96000;0.008491384615384616
mergesort;a-95000;0.007695384615384614
mergesort;a-94000;0.008138307692307691
mergesort;a-93000;0.007952384615384615
mergesort;a-92000;0.007930307692307693
mergesort;a-91000;0.0075771538461538454
mergesort;a-90000;0.00747376923076923
mergesort;a-9000;0.0008264615384615385
mergesort;a-89000;0.007610000000000001
mergesort;a-88000;0.007892538461538461
mergesort;a-87000;0.0074104615384615385
mergesort;a-86000;0.007260076923076923
mergesort;a-85000;0.007316076923076923
mergesort;a-84000;0.007567153846153847
mergesort;a-83000;0.007245846153846154
mergesort;a-82000;0.006783846153846155
mergesort;a-81000;0.007285153846153845
mergesort;a-80000;0.007484923076923077
mergesort;a-8000;0.0007466153846153847
mergesort;a-79000;0.007410461538461538
mergesort;a-78000;0.007377461538461539
mergesort;a-77000;0.00686923076923077
mergesort;a-76000;0.006743076923076923
mergesort;a-75000;0.006338000000000001
mergesort;a-74000;0.0060563846153846145
mergesort;a-73000;0.006506615384615384
mergesort;a-72000;0.006277923076923078
mergesort;a-71000;0.006183615384615385
mergesort;a-70000;0.00652123076923077
mergesort;a-7000;0.0005893846153846155
mergesort;a-69000;0.005859615384615384
mergesort;a-68000;0.006525384615384615
mergesort;a-67000;0.005441153846153846
mergesort;a-66000;0.007112923076923077
mergesort;a-65000;0.005689461538461538
mergesort;a-64000;0.0052950769230769214
mergesort;a-63000;0.0056761538461538455
mergesort;a-62000;0.005514692307692308
mergesort;a-61000;0.0054141538461538454
mergesort;a-60000;0.006709846153846154
mergesort;a-6000;0.0005101538461538462
mergesort;a-59000;0.005068692307692307
mergesort;a-58000;0.005185692307692308
mergesort;a-57000;0.005004846153846155
mergesort;a-56000;0.004638692307692309
mergesort;a-55000;0.004947923076923077
mergesort;a-54000;0.005637692307692308
mergesort;a-53000;0.004589384615384615
mergesort;a-52000;0.0049747692307692305
mergesort;a-51000;0.0042250769230769225
mergesort;a-50000;0.004479538461538461
mergesort;a-5000;0.00044630769230769236
mergesort;a-49000;0.0044305384615384615
mergesort;a-48000;0.004112461538461539
mergesort;a-47000;0.004233538461538462
mergesort;a-46000;0.004391999999999999
mergesort;a-45000;0.004709769230769232
mergesort;a-44000;0.004209538461538461
mergesort;a-43000;0.0037100769230769227
mergesort;a-42000;0.0035656153846153845
mergesort;a-41000;0.004034384615384615
mergesort;a-40000;0.004269615384615385
mergesort;a-4000;0.00036584615384615383
mergesort;a-39000;0.003885230769230769
mergesort;a-38000;0.003394461538461539
mergesort;a-37000;0.003350846153846154
mergesort;a-36000;0.0032204615384615384
mergesort;a-35000;0.0029338461538461545
mergesort;a-34000;0.003174307692307692
mergesort;a-33000;0.003319769230769231
mergesort;a-32000;0.0025918461538461538
mergesort;a-31000;0.002899076923076923
mergesort;a-30000;0.002898461538461538
mergesort;a-3000;0.00024261538461538463
mergesort;a-29000;0.0026904615384615383
mergesort;a-28000;0.002435307692307692
mergesort;a-27000;0.002383230769230769
mergesort;a-26000;0.002396153846153846
mergesort;a-25000;0.0023245384615384617
mergesort;a-24000;0.0020676923076923077
mergesort;a-23000;0.002337769230769231
mergesort;a-22000;0.001958153846153846
mergesort;a-21000;0.001860461538461538
mergesort;a-200000;0.018238923076923076
mergesort;a-20000;0.0018136153846153847
mergesort;a-2000;0.0001704615384615385
mergesort;a-199000;0.016527076923076926
mergesort;a-198000;0.016489846153846154
mergesort;a-197000;0.016792769230769233
mergesort;a-196000;0.01734076923076923
mergesort;a-195000;0.016364384615384614
mergesort;a-194000;0.01616484615384615
mergesort;a-193000;0.01547046153846154
mergesort;a-192000;0.015780000000000002
mergesort;a-191000;0.01629669230769231
mergesort;a-190000;0.015537846153846154
mergesort;a-19000;0.0016685384615384618
mergesort;a-189000;0.015490769230769232
mergesort;a-188000;0.017160384615384612
mergesort;a-187000;0.01683484615384615
mergesort;a-186000;0.01554653846153846
mergesort;a-185000;0.015368538461538461
mergesort;a-184000;0.015153153846153847
mergesort;a-183000;0.01617884615384615
mergesort;a-182000;0.016179923076923074
mergesort;a-181000;0.016118153846153845
mergesort;a-180000;0.015683076923076925
mergesort;a-18000;0.0016143076923076924
mergesort;a-179000;0.015154307692307693
mergesort;a-178000;0.01587630769230769
mergesort;a-177000;0.015767538461538458
mergesort;a-176000;0.015635076923076925
mergesort;a-175000;0.015817153846153845
mergesort;a-174000;0.015253230769230769
mergesort;a-173000;0.013962769230769232
mergesort;a-172000;0.01410023076923077
mergesort;a-171000;0.014105307692307691
mergesort;a-170000;0.015222153846153849
mergesort;a-17000;0.0014895384615384614
mergesort;a-169000;0.014911153846153848
mergesort;a-168000;0.014029692307692307
mergesort;a-167000;0.014075307692307693
mergesort;a-166000;0.013873307692307693
mergesort;a-165000;0.013389615384615382
mergesort;a-164000;0.014085230769230768
mergesort;a-163000;0.014245307692307693
mergesort;a-162000;0.014381846153846155
mergesort;a-161000;0.014018307692307691
mergesort;a-160000;0.013477923076923075
mergesort;a-16000;0.0013678461538461537
mergesort;a-159000;0.014144846153846154
mergesort;a-158000;0.01422984615384615
mergesort;a-157000;0.013797384615384616
mergesort;a-156000;0.014549153846153847
mergesort;a-155000;0.013005846153846154
mergesort;a-154000;0.012751230769230772
mergesort;a-153000;0.013126692307692308
mergesort;a-152000;0.012992153846153848
mergesort;a-151000;0.012290846153846154
mergesort;a-150000;0.012432153846153846
mergesort;a-15000;0.0012688461538461538
mergesort;a-149000;0.012575461538461537
mergesort;a-148000;0.012552615384615384
mergesort;a-147000;0.012223384615384617
mergesort;a-146000;0.012175846153846155
mergesort;a-145000;0.012268923076923078
mergesort;a-144000;0.01279230769230769
mergesort;a-143000;0.011987615384615385
mergesort;a-142000;0.012365692307692308
mergesort;a-141000;0.012403153846153848
mergesort;a-140000;0.012271307692307692
mergesort;a-14000;0.001224076923076923
mergesort;a-139000;0.011925076923076924
mergesort;a-138000;0.011399307692307693
mergesort;a-137000;0.011708615384615383
mergesort;a-136000;0.011420461538461537
mergesort;a-135000;0.011616153846153844
mergesort;a-134000;0.010883538461538462
mergesort;a-133000;0.011251615384615386
mergesort;a-132000;0.011196538461538463
mergesort;a-131000;0.011361076923076925
mergesort;a-130000;0.010816000000000001
mergesort;a-13000;0.0011270769230769231
mergesort;a-129000;0.010789
mergesort;a-128000;0.010772153846153846
mergesort;a-127000;0.01054053846153846
mergesort;a-126000;0.010160538461538462
mergesort;a-125000;0.010663230769230769
mergesort;a-124000;0.010527923076923075
mergesort;a-123000;0.010145461538461539
mergesort;a-122000;0.010374461538461539
mergesort;a-121000;0.009975230769230771
mergesort;a-120000;0.010109615384615385
mergesort;a-12000;0.001003076923076923
mergesort;a-119000;0.01001676923076923
mergesort;a-118000;0.010125769230769232
mergesort;a-117000;0.01009069230769231
mergesort;a-116000;0.00995476923076923
mergesort;a-115000;0.00963223076923077
mergesort;a-114000;0.009632538461538461
mergesort;a-113000;0.009416153846153848
mergesort;a-112000;0.009017923076923078
mergesort;a-111000;0.009159692307692308
mergesort;a-110000;0.009647000000000001
mergesort;a-11000;0.0010320000000000001
mergesort;a-109000;0.009509692307692306
mergesort;a-108000;0.009453307692307695
mergesort;a-107000;0.008956230769230768
mergesort;a-106000;0.009511538461538462
mergesort;a-105000;0.008819153846153846
mergesort;a-104000;0.008537
mergesort;a-103000;0.00866923076923077
mergesort;a-102000;0.008739538461538462
mergesort;a-101000;0.008555615384615385
mergesort;a-100000;0.009306615384615384
mergesort;a-10000;0.0008574615384615385
mergesort;a-1000;8.453846153846154e-05
mergesort;a-1;6.153846153846154e-07
